Employee Id,Employee Name,Employee Age,Designation,Contact Number
Emp1,Vinoth,23,Fluter Developer intern,7345344378
Emp2,Daya,28,Team Lead,9243456784
Emp3,Navin,22,React Intern,63634567880
Emp4,Murali,42,GM,7373546789
Emp5,Athiyaman,23,Python Intern,9786756442
Emp6,Sachin,21,Fluter intern,6345678903
Emp7,Saran,22,Python Intern,9344291466
Emp8,Poovarasan,27,Senior Developer,7856785432
Emp9,Manikandan,48,PDM,7868787900
Emp10,Lakshmi,27,Python senior developer,9786543299
Emp11,Gokul,30,Dotnet,7889668967
Emp12,Sarath,28,React senior developer,7867987890
